Theory :- INSERT INTO

1.The INSERT INTO statement is used to insert new records/row/tuple in a table.
Syntax :-
INSERT INTO table_name (column1, column2, column3, column4)
VALUES (value1, "value2", "value3", value4);

Ex :-
INSERT INTO student (stu_id, name, city,pin)
VALUES (05, "Anu", "Delhi", 110564);


Rules:-
	Column and Value order should be same.
	
	Any value that goes into a VARCHAR, CHAR, DATE or TEXT column has single quotes around.
	There are no need of quotes for numeric values (INT, DEC)

Note :- select * from student;  this query is used to show contents of tables.
---------------------------------------------------------------------------------------------------
Microsoft Windows [Version 10.0.19044.1503]
(c) Microsoft Corporation. All rights reserved.

C:\Users\Shivm>cd mysql/bin

C:\Users\Shivm\mysql\bin>mysql -u root -p
Enter password: ****
Welcome to the MySQL monitor.  Commands end with ; or \g.
Your MySQL connection id is 10
Server version: 8.0.28 MySQL Community Server - GPL

Copyright (c) 2000, 2022, Oracle and/or its affiliates.

Oracle is a registered trademark of Oracle Corporation and/or its
affiliates. Other names may be trademarks of their respective
owners.

Type 'help;' or '\h' for help. Type '\c' to clear the current input statement.
_______________________________________________________________________________
mysql> use my_db;
Database changed
_______________________________________________________________________________
mysql> show tables;
+-----------------+
| Tables_in_my_db |
+-----------------+
| my_tab          |
| new_tab         |
+-----------------+
2 rows in set (0.34 sec)
__________________________________________________________________________________
mysql> create table student
    -> (stu_id int(4), name varchar(50), city varchar(50), pin int(20));
Query OK, 0 rows affected, 2 warnings (1.50 sec)
__________________________________________________________________________________
mysql> show tables;
+-----------------+
| Tables_in_my_db |
+-----------------+
| my_tab          |
| new_tab         |
| student         |
+-----------------+
3 rows in set (0.00 sec)
_________________________________________________________________________________________
mysql> insert into student(stu_id, name, city, pin) values(01, 'Raj', 'Ranchi', 123456);
Query OK, 1 row affected (0.20 sec)
___________________________________________________________________________________________
mysql> select * from student;                    
+--------+------+--------+--------+
| stu_id | name | city   | pin    |
+--------+------+--------+--------+
|      1 | Raj  | Ranchi | 123456 |
+--------+------+--------+--------+
1 row in set (0.00 sec)

+++++++++++++++++++++++++++++++++++++++++++++++++++++++++++++++++++++++++++++++++++++++++++++++++++++++++++++++++++++++++++++++++++++++++++++++++++++++

2. Without specifying column name.
Syntax :-
INSERT INTO table_name
VALUES (value1, "value2", "value3", value4);

Ex :-
INSERT INTO student
VALUES (05, "Anu", "Delhi", 654123);


Rules:-
	The values order should be same as column.
	
	We need to insert record for each column we can not leave any column.
-----------------------------------------------------------------------------------
mysql> insert into student values(02, 'Rohan', 'Delhi', 623456);
Query OK, 1 row affected (0.31 sec)
__________________________________________________________________
mysql> select * from student;
+--------+-------+--------+--------+
| stu_id | name  | city   | pin    |
+--------+-------+--------+--------+
|      1 | Raj   | Ranchi | 123456 |
|      2 | Rohan | Delhi  | 623456 |
+--------+-------+--------+--------+
2 rows in set (0.00 sec)
___________________________________________________________________________
Note :- We have to fill all columns values otherwise it will give error

mysql> insert into student values(02, 'Rohan', 623456);
ERROR 1136 (21S01): Column count doesn't match value count at row 1

++++++++++++++++++++++++++++++++++++++++++++++++++++++++++++++++++++++++++++++++++++++++++++++++++++++++++++++++++++++++++++++++++++++++++++++++++++

3.Changing the order of columns
Syntax :-
INSERT INTO table_name (column2, column1, column4, column3)
VALUES ("value2", value1, value4, "value3");

Ex :-
INSERT INTO student (name, stu_id, pin, city)
VALUES ("Anu", 05, 110564, "Delhi");
---------------------------------------------------------------------------------------------
mysql> insert into student(name, stu_id, pin, city) values('Anuj', 03, 635421, 'Ranchi');
Query OK, 1 row affected (0.13 sec)
________________________________________________________________________________________
mysql> select * from student;
+--------+-------+--------+--------+
| stu_id | name  | city   | pin    |
+--------+-------+--------+--------+
|      1 | Raj   | Ranchi | 123456 |
|      2 | Rohan | Delhi  | 623456 |
|      3 | Anuj  | Ranchi | 635421 |
+--------+-------+--------+--------+
3 rows in set (0.00 sec)

+++++++++++++++++++++++++++++++++++++++++++++++++++++++++++++++++++++++++++++++++++++++++++++++++++++++++++++++++++++++++++++++++++++++++++++++++++++++++

4. Insert Data in specified columns
Syntax :-
INSERT INTO table_name (column1, column2, column3)
VALUES (value1, "value2", "value3");

Ex :-
INSERT INTO student (stu_id, name, pin)
VALUES (05, "Anu", 625314);
-----------------------------------------------------------------------
mysql> insert into student(stu_id, name, pin) values(4, 'Raj', 625314);
Query OK, 1 row affected (0.10 sec)
__________________________________________________________________________
mysql> select * from student;
+--------+-------+--------+--------+
| stu_id | name  | city   | pin    |
+--------+-------+--------+--------+
|      1 | Raj   | Ranchi | 123456 |
|      2 | Rohan | Delhi  | 623456 |
|      3 | Anuj  | Ranchi | 635421 |
|      4 | Raj   | NULL   | 625314 |
+--------+-------+--------+--------+
4 rows in set (0.00 sec)

++++++++++++++++++++++++++++++++++++++++++++++++++++++++++++++++++++++++++++++++++++++++++++++++++++++++++++++++++++++++++++++++++++++++++++++++++++++++++

5.Insert multiple record at one time.
Syntax :-
INSERT INTO table_name (column1, column2, column3, column4)
VALUES (value1, "value2", "value3", value4), (value1, "value2", "value3", value4);

Ex :-
INSERT INTO student (stu_id, name, city, pin)
VALUES (05, "Shiv", "Lucknow", 100100), (06, "Dev", "Kolkata", 756324);
-----------------------------------------------------------------------------------
mysql> INSERT INTO student (stu_id, name, city, pin)
    -> VALUES (05, "Shiv", "Lucknow", 100100), (06, "Dev", "Kolkata", 756324);
Query OK, 2 rows affected (0.12 sec)
Records: 2  Duplicates: 0  Warnings: 0
___________________________________________________________________________________
mysql> select * from student;
+--------+-------+---------+--------+
| stu_id | name  | city    | pin    |
+--------+-------+---------+--------+
|      1 | Raj   | Ranchi  | 123456 |
|      2 | Rohan | Delhi   | 623456 |
|      3 | Anuj  | Ranchi  | 635421 |
|      4 | Raj   | NULL    | 625314 |
|      5 | Shiv  | Lucknow | 100100 |
|      6 | Dev   | Kolkata | 756324 |
+--------+-------+---------+--------+
6 rows in set (0.00 sec)