Single Quotes Error

INSERT INTO my_tab (t_id, c_name, address)
VALUES (142, 'K.K's Company', 'Delhi');

There are Three ways to solve this problem :-
*	Use backslash
	Ex :- 'K.K\'s Company'

*	Use two times single quotes
	Ex :- 'K.K''s Company'

*	Use double quotes in place of single quotes
	Ex :- "K.K's Company" 
----------------------------------------------------------------------------
mysql> select * from student;
+--------+-------+---------+--------+
| stu_id | name  | city    | pin    |
+--------+-------+---------+--------+
|      1 | Raj   | Ranchi  | 123456 |
|      2 | Rohan | Delhi   | 623456 |
|      3 | Anuj  | Ranchi  | 635421 |
|      4 | Raj   | NULL    | 625314 |
|      5 | Shiv  | Lucknow | 100100 |
|      6 | Dev   | Kolkata | 756324 |
+--------+-------+---------+--------+
6 rows in set (0.00 sec)
____________________________________________________________________________________________________
mysql> insert into student (stu_id, name, city, pin) values (7, 'K.K's Company', 'Delhi', 632541);
    '>
    '> ^C     # the querry will not run bcoz of single quotes
_____________________________________________________________________________________________________
mysql> select * from student;
+--------+-------+---------+--------+
| stu_id | name  | city    | pin    |
+--------+-------+---------+--------+
|      1 | Raj   | Ranchi  | 123456 |
|      2 | Rohan | Delhi   | 623456 |
|      3 | Anuj  | Ranchi  | 635421 |
|      4 | Raj   | NULL    | 625314 |
|      5 | Shiv  | Lucknow | 100100 |
|      6 | Dev   | Kolkata | 756324 |
+--------+-------+---------+--------+
6 rows in set (0.00 sec)
_______________________________________________________________________________________________________
mysql> insert into student (stu_id, name, city, pin) values (7, 'K.K\'s Company', 'Delhi', 632541);
Query OK, 1 row affected (0.41 sec)
___________________________________________________________________________________________________
mysql> select * from student;
+--------+---------------+---------+--------+
| stu_id | name          | city    | pin    |
+--------+---------------+---------+--------+
|      1 | Raj           | Ranchi  | 123456 |
|      2 | Rohan         | Delhi   | 623456 |
|      3 | Anuj          | Ranchi  | 635421 |
|      4 | Raj           | NULL    | 625314 |
|      5 | Shiv          | Lucknow | 100100 |
|      6 | Dev           | Kolkata | 756324 |
|      7 | K.K's Company | Delhi   | 632541 |
+--------+---------------+---------+--------+
7 rows in set (0.00 sec)
________________________________________________________________________________________________________
mysql> insert into student (stu_id, name, city, pin) values (8, 'K.K''s Company', 'GOA', 632458);
Query OK, 1 row affected (0.17 sec)
___________________________________________________________________
mysql> select * from student;
+--------+---------------+---------+--------+
| stu_id | name          | city    | pin    |
+--------+---------------+---------+--------+
|      1 | Raj           | Ranchi  | 123456 |
|      2 | Rohan         | Delhi   | 623456 |
|      3 | Anuj          | Ranchi  | 635421 |
|      4 | Raj           | NULL    | 625314 |
|      5 | Shiv          | Lucknow | 100100 |
|      6 | Dev           | Kolkata | 756324 |
|      7 | K.K's Company | Delhi   | 632541 |
|      8 | K.K's Company | GOA     | 632458 |
+--------+---------------+---------+--------+
8 rows in set (0.00 sec)
________________________________________________________________________________________________________
mysql> insert into student (stu_id, name, city, pin) values (9, "K.K's Company", 'Mumbai', 110114);
Query OK, 1 row affected (0.09 sec)
___________________________________________________________________________________________
mysql> select * from student;
+--------+---------------+---------+--------+
| stu_id | name          | city    | pin    |
+--------+---------------+---------+--------+
|      1 | Raj           | Ranchi  | 123456 |
|      2 | Rohan         | Delhi   | 623456 |
|      3 | Anuj          | Ranchi  | 635421 |
|      4 | Raj           | NULL    | 625314 |
|      5 | Shiv          | Lucknow | 100100 |
|      6 | Dev           | Kolkata | 756324 |
|      7 | K.K's Company | Delhi   | 632541 |
|      8 | K.K's Company | GOA     | 632458 |
|      9 | K.K's Company | Mumbai  | 110114 |
+--------+---------------+---------+--------+
9 rows in set (0.00 sec)