IN Operator

The IN operator allows you to specify multiple values in a WHERE clause.

Syntax :- SELECT * FROM table_name WHERE column_name IN ('value1', 'vlue2');

Ex :- SELECT * FROM student WHERE name IN ('Shiv', 'Dev');

--------------------------------------------------------------

mysql> SELECT * FROM student WHERE name IN ('Shiv', 'Dev');
+--------+------+---------+--------+
| stu_id | name | city    | pin    |
+--------+------+---------+--------+
|      5 | Shiv | Lucknow | 100100 |
|      6 | Dev  | Kolkata | 756324 |
+--------+------+---------+--------+
2 rows in set (0.02 sec)
___________________________________________________________________
mysql> SELECT * FROM student WHERE name IN ('Raj', 'Dev');
+--------+------+---------+--------+
| stu_id | name | city    | pin    |
+--------+------+---------+--------+
|      1 | Raj  | Ranchi  | 123456 |
|      4 | Raj  | NULL    | 625314 |
|      6 | Dev  | Kolkata | 756324 |
+--------+------+---------+--------+
3 rows in set (0.00 sec)
______________________________________________________________________
mysql> SELECT * FROM student WHERE name IN ('Raj', 'Dev', 'Shiv');
+--------+------+---------+--------+
| stu_id | name | city    | pin    |
+--------+------+---------+--------+
|      1 | Raj  | Ranchi  | 123456 |
|      4 | Raj  | NULL    | 625314 |
|      5 | Shiv | Lucknow | 100100 |
|      6 | Dev  | Kolkata | 756324 |
+--------+------+---------+--------+
4 rows in set (0.00 sec)
_______________________________________________________
mysql> SELECT * FROM student WHERE name IN ('Raj');
+--------+------+--------+--------+
| stu_id | name | city   | pin    |
+--------+------+--------+--------+
|      1 | Raj  | Ranchi | 123456 |
|      4 | Raj  | NULL   | 625314 |
+--------+------+--------+--------+
2 rows in set (0.13 sec)
_______________________________________________________________________________
mysql> SELECT stu_id,name FROM student WHERE name IN ('Raj', 'Dev', 'Shiv');
+--------+------+
| stu_id | name |
+--------+------+
|      1 | Raj  |
|      4 | Raj  |
|      5 | Shiv |
|      6 | Dev  |
+--------+------+
4 rows in set (0.00 sec)